id,date,tweet
1465792822150414343,Tue Nov 30 21:20:16 +0000 2021,"Visibilizamos las palabras de estudiantes, egresados y egresadas de la #FacultaddeMinas. Una iniciativa que busca avanzar en la desnaturalizaciÃ³n de las violencias contra las mujeres y trabajar es su erradicaciÃ³n. #25N #25noviembre https://t.co/uL0mz9WzJ1"
1465787970414419976,Tue Nov 30 21:00:59 +0000 2021,"â€œTe escucho, te creo, estoy contigoâ€ son frases vitales para que las vÃ­ctimas de violencia sexual sepan que no estÃ¡n solas.#16dÃ­as #YaEsYa #25N https://t.co/8lI4APo3Cw"
1465782616712429572,Tue Nov 30 20:39:43 +0000 2021,"Â¡MaÃ±ana! Las concejalas de BogotÃ¡ participarÃ¡n en el foro: Conversemos de violencias contra las mujeres en polÃ­tica, organizado por la @secredistmujerâ° 2:00 p.m.ğŸ“Plazoleta externa @ConcejoDeBogota âœ…InscrÃ­bete: https://t.co/BEfVNMEyLI #25N #DateCuentaEsViolencia https://t.co/JJSX1e9LU4"
1465779773871988738,Tue Nov 30 20:28:25 +0000 2021,"ğŸ’œğŸ¥  En el cine foro, Gloria PÃ©rez, Especialista de Cenprodes de la Pastoral Social, recordÃ³ la importancia de empezar a generar un cambio personal entre mujeres y poder crear una red de unidad y no una competencia entre mujeresğŸ’ªğŸ»                 #CinematecaDistrital  #25N https://t.co/klzSD87w3S"
1465779645022978055,Tue Nov 30 20:27:54 +0000 2021,AcompÃ¡Ã±anos este jueves en nuestra decimosexta tertulia de #40TertuliasSobreLosFeminismos. En esta oportunidad aprovechamos la conmemoraciÃ³n del #25N para hablar sobre el derecho a una vida libre de violencias. SÃºmate ğŸ‘‡ğŸ¾ğŸ‘‡ğŸ¾ğŸ‘‡ğŸ¾ https://t.co/cNmD3oVUzq
1465777282207866887,Tue Nov 30 20:18:31 +0000 2021,Nos sumamos a los 16 dÃ­as de activismo. porque todavÃ­a hay un largo camino por recorrer para llegar a la igualdad en el mundo del deporte. #25N#DeLaIndignaciÃ³nAlaAcciÃ³n https://t.co/7yDIc6zK4P
1465776423491321868,Tue Nov 30 20:15:06 +0000 2021,Â¡Queremos una vida libre de discriminaciÃ³n y violencia para todas!#16dÃ­as #25N #YaEsYa https://t.co/kaOTdRrkpn
1465772367540637696,Tue Nov 30 19:58:59 +0000 2021,"Como ciudadan@s, militantes, partidos polÃ­ticos, funcionari@s e instituciones pÃºblicas tenemos mucho que hacer para visibilizar, atender y prevenir la violencia contra las mujeres en polÃ­tica.  Conoce cÃ³mo lograr este cambio. #16DÃ­as #25N. https://t.co/m2TZhjHP8c"
1465770891682398215,Tue Nov 30 19:53:07 +0000 2021,Es URGENTE erradicar la violencia contra las mujeres. No seamos indiferentes ante esta realidad. Â¡Esta lucha nos involucra a todos y todas! #16dias de activismo por ellas #25N https://t.co/QydZAFaV6w
1465770547120427015,Tue Nov 30 19:51:45 +0000 2021,"#AccionesSDH | En #Loja, en el barrio Chonta Cruz, se desarrollÃ³ Taller sobre ""PrevenciÃ³n de Violencia de GÃ©nero y Masculinidades"", dirigido a lÃ­deres barriales en coordinaciÃ³n con @MunicipioDeLoja, @UNLoficial, como parte de las #JoradasLibresDeViolencia.@BernardaOM #25N https://t.co/BibScVAo4O"
1465770016331251715,Tue Nov 30 19:49:39 +0000 2021,"#AccionesSDH | En #Loja nos reunimos con @jllarreategui Coordinador Zonal 7 de @DeporteEc a fin de concretar acciones interinstitucionales, para lograr Ã¡mbitos deportivos libres de todo tipo de violencia y discriminaciÃ³n, por las #JornadasLibresDeViolencia.@BernardaOM #25N https://t.co/1ENjU9Lj38"
1465769619902324739,Tue Nov 30 19:48:04 +0000 2021,"#AccionesSDH | En #Loja participamos del â€œConversatorio  para la PrevenciÃ³n de la Violencia contra la Mujerâ€, dirigido a actores juveniles. Evento organizado por @InclusionZona7, como parte de las #JornadasLibresDeViolencia.@BernardaOM #25N https://t.co/tiX7P2tj48"
1465765700744663040,Tue Nov 30 19:32:30 +0000 2021,"Durante el 23, 24 y #25N, las representantes de las granjas de UrabÃ¡ y Bajo Cauca, y participantes de la Estrategia ""Mujeres Siembra"" de la @GobAntioquia, intercambiaron experiencias y saberes ğŸ™‹â€â™€ï¸ğŸ—£ï¸ en #Arboletes, Antioquia. Con el apoyo de @USAID_Colombia. https://t.co/WxKpuOEmI3"
1465757427194810388,Tue Nov 30 18:59:37 +0000 2021,"Hasta el 10 de diciembre vestimos de naranja con el compromiso de seguir aportando a la erradicaciÃ³n de la violencia contra las mujeres y las niÃ±as, porque para nosotros es un requisito indispensable para el desarrollo de nuestra sociedad. #25N #NiUnaMas #16DÃ­as #Ãšnete https://t.co/UGQkGaC1vP"
1465757405011136512,Tue Nov 30 18:59:32 +0000 2021,Â¿Por quÃ© nuestro logo de viste de naranja? Â¿Por quÃ© trabajamos y creemos en un mundo sin violencia contra las mujeres y las niÃ±as? En este #ComfamaEnUnHilo hacemos un recuento alrededor de la conmemoraciÃ³n del #25N #NiUnaMas #16DÃ­as #Ãšnete. Â¿Te sumas? https://t.co/34rqSj4DXS
1465756579719004168,Tue Nov 30 18:56:15 +0000 2021,Este mes del #25N revisamos los astros ğŸŒŒğŸ˜‰ y nos hablaron acerca de cÃ³mo podÃ©s tomar las riendas de tus libertades para luchar contra la #violencia de gÃ©nero. El #horÃ³scopo de hoy es para:â™ˆ Ariesâ™‰ Tauroâ™Š GÃ©minisâ™‹ CÃ¡ncerÂ¡Seguimos maÃ±ana! #LaViolenciaDigitalEsReal #25NPY https://t.co/bQYpDvLC7K
1465756089966903305,Tue Nov 30 18:54:18 +0000 2021,"Con la #BiciEscuela, y en conjunto con @MujeresAnt, #AntioquiaEnBici rodÃ³ en #Amalfi para promover la movilidad sostenible, la equidad de gÃ©nero y la eliminaciÃ³n de la violencia contra las mujeres en el marco del #25N ğŸ’šğŸ’œ. En #Antioquia trabajamos UNIDAS y UNIDOS ğŸ¤œğŸ¿ğŸ¤›ğŸ». https://t.co/2aj7YGQ7uz"
1465752201872265221,Tue Nov 30 18:38:51 +0000 2021,"Una felicitaciÃ³n a las/los periodistas que fueron condecorados en el evento del @CJudicaturaEc, en el marco del #25N. El #Ecuador reafirma su compromiso con la prevenciÃ³n y erradicaciÃ³n de la violencia hacia las niÃ±as y mujeres. @PresidentaCJ #JornadasLibresDeViolencia ğŸ¦‹ https://t.co/nMtqkD2UiZ"
1465746951878496258,Tue Nov 30 18:18:00 +0000 2021,"ğŸ’œ ğŸ“£ Durante su intervenciÃ³n Nidia Zuluaga,  Especialista de formaciÃ³n ConstrucciÃ³n de Paz e Incidencias de la Pastoral Social,  nos hace el llamado a trasformar la indiferencia y construir una sociedad con equidad y compresiÃ³n con el otro#Cineforo #CinematecaDistrital #25N https://t.co/UrqHy3H1QI"
1465742424450363394,Tue Nov 30 18:00:00 +0000 2021,La violencia contra las mujeres es un problema de salud pÃºblica mundial que requiere una acciÃ³n urgente.Â¡Pongamos fin a la violencia contra las mujeres YA!#ÃšNETE #25N #YaEsYa#ADRAContraLaViolencia https://t.co/EyRw2PfCDP
1465740242036666369,Tue Nov 30 17:51:20 +0000 2021,"ğŸŸ£ #MOVILIZACIÃ“N En el marco del #25N, junto a la Red De Mujeres Organizadas De Carabayllo, exigimos a las autoridades de Carabayllo cumplir con sus compromisos para garantizar nuestro derecho a #VivirSinMiedo, libres de violencias.ğŸ“ŒNota de prensa: https://t.co/wMDfQGnAzR https://t.co/aM04mzc23n"
1465739345252519947,Tue Nov 30 17:47:46 +0000 2021,"âœŠEl pasado #25N, la FederaciÃ³n Distrital de #Mujeres #Cotabambinas (FEDIMUC) realizÃ³ una marcha desde las 9 de la maÃ±ana hasta las 4 de la tarde por las calles del distrito. ğŸ‘‰Conoce mÃ¡s aquÃ­: https://t.co/cf8rBFZeRj https://t.co/W8DyAC97CH"
1465737013211111434,Tue Nov 30 17:38:30 +0000 2021,Loving what i do ğŸ”¥Gracias a la @secmujeresmed por la oportunidad de presentar mis canciones y mi mÃºsica en esta conmemoraciÃ³n del 25N. #cancionesdemaryrÃ­o #concierto #25N #artistascolombianas #gratful #singersongwriter https://t.co/cKdtGphyyH
1465736624327827465,Tue Nov 30 17:36:57 +0000 2021,"Recordamos el dÃ­a contra la violencia de gÃ©nero #25N, el dÃ­a de la lucha contra el VIH #1DIC y tambiÃ©n iniciamos la semana de los festejos del #10DIC donde celebramos nuestra incansable lucha por los Derechos Humanos en el Mundo. ğŸ•¯ğŸ•¯ğŸ“£AgendÃ¡ la fecha! Te esperamos!"
1465732607417618433,Tue Nov 30 17:21:00 +0000 2021,"#25N: Con el proyecto â€œSembrando Huertas de Esperanzaâ€ 170 mujeres manabitas desarrollaron, a bajo costo, productos frescos y saludables libres de contaminantes, con mÃºltiples beneficios en nutriciÃ³n y salud.Este aprendizaje les ha permitido formar sus propios emprendimientos. https://t.co/TSOz47PKX0"
1465732571120246787,Tue Nov 30 17:20:51 +0000 2021,"ğŸ’œğŸ“¢ Ana MarÃ­a Idarraga desde su conocimiento como abogada, nos indica que la violencia contra la mujer debe tener presente tres momentos de la violencia; el antes, durante y despuÃ©s para la prevenciÃ³n y erradicaciÃ³n de esta.        #Cineforo  #PelÃ­culaBiabuChupea #25N https://t.co/39BFxoOChZ"
1465730628465397760,Tue Nov 30 17:13:08 +0000 2021,"ğŸ“¢HOY te esperamos para hablar de ""30 aÃ±os de la movilizaciÃ³n social por la no violencia contra mujeres y niÃ±as"".âŒšï¸5 pm ğŸ‡¨ğŸ‡´ / 4pm CentroamÃ©rica.ğŸ¤³ğŸ½TransmisiÃ³n en vivo aquÃ­ğŸ‘‰ğŸ½https://t.co/f0RBDA5AyN#25N #16DÃ­asDeActivismo https://t.co/aMpX1YGKv9"
1465727334758199299,Tue Nov 30 17:00:03 +0000 2021,Desde el sector Transporte nos unimos para identificar los diferentes tipos de actos que atentan contra el derecho de las mujeres a una vida libre de violencias. Este #25N nos unimos para decir: #AltoAlAcosoEnElTransporte âœ‹ https://t.co/2OnZYTyn1H
1465724296999940106,Tue Nov 30 16:47:58 +0000 2021,"Una sociedad machista apuesta por una comunicaciÃ³n pasiva, la baja autoestima y la inseguridad en las mujeres, de forma que sean mÃ¡s vulnerables ante el chantaje emocional#16dias #NiUnaMenos #25N"
1465721368985620486,Tue Nov 30 16:36:20 +0000 2021,"#YoNoPermito que denigres mi trabajo.En el marco del #25N nos sumamos a la lucha contra la violencia hacia la mujer, por eso queremos que nos cuentes quÃ© no permites participando con la etiqueta #YoNoPermito.@gobantioquia https://t.co/ctA39VBc2w"
1465721243836030985,Tue Nov 30 16:35:50 +0000 2021,Un poco de lo que fue nuestro primer taller de bordado el #25N.Una juntanza amorosa y llena de aprendizajes. â¤ï¸â€ğŸ”¥ğŸ’ğŸ§µ https://t.co/VwnG8IJoK3
1465719325298413568,Tue Nov 30 16:28:13 +0000 2021,El Ãºnico responsable de una violaciÃ³n sexual es el AGRESOR#25N https://t.co/aGMKIPBiKJ
1465718713315905539,Tue Nov 30 16:25:47 +0000 2021,Un poco del encuentro que vivimos el #25N.Delicioso chocolate con pan y quesito para acompaÃ±ar los diferentes talleres âœ¨ Gracias a todas las personas que nos siguen apoyando y hacen posible estÃ¡s actividades ğŸŒ»Nosotrxs SOMOS FUEGO ğŸ”¥ https://t.co/QZ8vDVbJpx
1465718219252060169,Tue Nov 30 16:23:49 +0000 2021,"#SuperMariana!: se publican dos nuevas historietas para prevenir la violencia sexual infantil ğŸ‘‰Â¡Recuerda!, puedes solicitar de manera gratuita las 3 historietas ilustradas de la saga escribiendo a cddperu@cddperu.org #InfanciasLibresDeViolencia #25Nhttps://t.co/ilxV7a4y0u"
1465714768392732673,Tue Nov 30 16:10:07 +0000 2021,"#SomosEducaciÃ³n En el marco del #25N, la Red de Macrouniversidades de AmÃ©rica Latina y el Caribe, suscribieron la â€œDeclaraciÃ³n tolerancia cero hacia la violencia de gÃ©nero en las universidadesâ€ â¡ï¸ https://t.co/C5j6S0tmF7 VÃ­a @PrensaUNAL | @OAG_UNAL https://t.co/aNB52wduC4"
1465712702739918849,Tue Nov 30 16:01:54 +0000 2021,Cambiemos la narrativa que culpa a las vÃ­ctimas de violencia contra las mujeres.#YoTeCreo #GeneraciÃ³nIgualdad #16dÃ­as #25N #NoMÃ¡sViolencia https://t.co/ZV8OMTx5dF
1465712665561493505,Tue Nov 30 16:01:45 +0000 2021,"#AccionesSDH | En #Manta brindamos taller de sensibilizaciÃ³n sobre â€œRoles, Estereotipos de GÃ©nero y Rutas de AtenciÃ³n a Sobrevivientes de Violencia, como parte de las #JornadasLibresDeViolencia. @BernardaOM#25N https://t.co/7e7DgqosYd"
1465697501223157774,Tue Nov 30 15:01:30 +0000 2021,La violencia verbal causa daÃ±os irreparables en la vida de mujeres y niÃ±as. Â¡No mÃ¡s violencia! #16dÃ­as #25N #Ãšnete https://t.co/73rYic11O0
1465697300315918344,Tue Nov 30 15:00:42 +0000 2021,"#ConLupa #25N@LaColaDeRata conociÃ³ 3 casos de presunto feminicidio en la ciudad, cuyas investigaciones no avanzan en la FiscalÃ­a. Ante la dilaciÃ³n en los procesos, familiares de Paula, Samara y Leidy piden justicia y exigen celeridad.Apoya @cuestion_p ğŸ‘‡https://t.co/EOFiES4qYF https://t.co/3Gwogk1VRm"
1465697132988358658,Tue Nov 30 15:00:02 +0000 2021,"#LuchaContraLasViolencias Como #mujeresindÃ­genas pedimos a los Estados promover mediante estudios, diÃ¡logos y radio un mayor intercambio de buenas prÃ¡cticas, conocimientos y estrategias para enfrentar las violencias.ğŸ“–Mira nuestras recomendacionesğŸ‘‰https://t.co/o2KJwPR4Ef #25N https://t.co/1x4z8AVtTd"
1465697126147624960,Tue Nov 30 15:00:00 +0000 2021,â€œPinta el mundo de naranja: Â¡Pongamos fin a la violencia contra las mujeres YA!â€ es el tema mundial de la campaÃ±a del Sec. Gral. de las Naciones Unidas de #16dÃ­as de activismo contra la violencia de gÃ©nero #Ãšnete #25N #YaEsYa #16dias@MinGenerosAr @ONUMujeresArg @CancilleriaARG https://t.co/YANu6pHApb
1465697003610935336,Tue Nov 30 14:59:31 +0000 2021,"""El tema no es aborto sÃ­ o aborto no, es aborto seguro o aborto inseguroâ€, sostienen las integrantes de la CampaÃ±a por el Derecho al Aborto Legal, Seguro y Gratuito â€“ Colombia.#MujeresVisiblesMujeresInvencibles#ErradiquemosElFeminicidio#YaBasta#16dÃ­as#YaEsYa#25N https://t.co/C5ltJq20uk"
1465692356171030533,Tue Nov 30 14:41:03 +0000 2021,Hoy a las 10:30 te esperamos para conversar y debatir acerca del impacto de los estereotipos de gÃ©nero en el Ã¡mbito laboral. ConÃ©ctate a nuestra transmisiÃ³n en vivo por nuestro canal. https://t.co/f1zAzISc2x #MujeresFuertesEC #25N https://t.co/X7AZQe0XLr
1465691472435503108,Tue Nov 30 14:37:32 +0000 2021,"Por ahora, queremos invitarte a responder a una pregunta: Â¿CÃ³mo podemos trabajar juntos para eliminar la violencia contra las mujeres y las niÃ±as? #25N #NiUnaMenos #16dÃ­as #YoDecido"
1465691449408827396,Tue Nov 30 14:37:27 +0000 2021,"El 25 de noviembre decidimos vestirnos de naranja durante 16 dÃ­as para elevar nuestra voz en contra de la violencia hacia las mujeres y niÃ±as. Invitamos a la reflexiÃ³n y a decir #YoDecido reconocer, reparar y no repetir la violencia #25N #16diasdeactivismo https://t.co/6kbloFIKEg"
1465688567162806278,Tue Nov 30 14:26:00 +0000 2021,"La violencia a la mujer tiene varios rostros: acosos, cosificaciÃ³n, discriminaciÃ³n, etc. Â¡No lo permitamos! Â¡Respetemos a las mujeres!â€‹#OnuMujeres #OnuMujeresEcuador, #PactoGlobalEcuador  #16DÃ­as, #25N #Coop23deJulio https://t.co/GZ1ULe8kc0"
1465686006028541963,Tue Nov 30 14:15:49 +0000 2021,Una paciente es violada por un enfermero en un hospital del IESS.La primera noticia del dÃ­a.Â¿Y en serio no quieren que andemos cabreadas?#25N #NiUnaMenos
1465683940992245763,Tue Nov 30 14:07:37 +0000 2021,Â¡Continuamos con la conmemoraciÃ³n del #25N!No te pierdas la programaciÃ³n en el Municipio de NechÃ­ y progrÃ¡mate para las actividades que se realizarÃ¡n en el marco del DÃ­a Internacional de la No Violencia contra las Mujeres. Ãšnete somos territorios con #SelloNaranja. ğŸ§¡ğŸŸ  https://t.co/lwMiwcpCcn
1465683905370066950,Tue Nov 30 14:07:28 +0000 2021,@PresidentaCJ @SpotlightAmLat @ONUecuador @UNFPAecuador Ni un paso atrÃ¡s en la lucha contra la violencia machista ğŸ’œ#25N
1465676370692947970,Tue Nov 30 13:37:32 +0000 2021,#MujeresDeOro âœ¨ l #ConSelloNaranja ğŸŸ Nuestra movilizaciÃ³n artÃ­stica en El Bagre y Zaragoza permitiÃ³ que los municipios se unieran por medio de cantos y el retumbar de los tambores. Gracias a todas las organizaciones aliadas que se unieron el pasado #25N https://t.co/NjV56GUlW5
1465669943903543296,Tue Nov 30 13:12:00 +0000 2021,"ğŸ”´ Cuando las mujeres y niÃ±as tienen acceso a Internet se enfrentan con la violencia en lÃ­nea mÃ¡s a menudo que los hombres. #ViolenciaDigital, #16dias  #25N, #Ãšnete https://t.co/IQ6mlsEr4G"
1465666067221655559,Tue Nov 30 12:56:35 +0000 2021,"ğŸ“¢El #DNP se une a @MinTransporte para decir âœ‹ğŸ»#AltoAlAcosoEnElTransporte #MujeresLibresDeViolencias #25N ğŸ—£ï¸Ellas tienenâ€¯derecho a transitar seguras. Los actos fÃ­sicos o verbales hacÃ­a las mujeres con connotaciÃ³n sexual en el espacio pÃºblico Â¡son acoso, son violencia! https://t.co/5e1bvMZzBW"
1465665823486455819,Tue Nov 30 12:55:37 +0000 2021,ğŸŸ  Los gobiernos deben aumentar la financiaciÃ³n para la prevenciÃ³n mitigaciÃ³n y respuesta a la violencia sexual y de gÃ©nero. #16diasdeactivismo #25N #16dias https://t.co/xzCCdL7VTb
1465659374634946562,Tue Nov 30 12:30:00 +0000 2021,"#AltoAlAcosoEnElTransporte âœ‹ | El cÃ³digo de conducta de cero tolerancias contra la explotaciÃ³n sexual de mujeres, niÃ±as y adolescentes en todas las obras y contratos de transporte masivo que se ejecutan en el paÃ­s, promueve una cultura de respeto a los derechos humanos. #25N https://t.co/FZFojSRPDT"
1465606528166154243,Tue Nov 30 09:00:00 +0000 2021,"ğŸŸ£ A asociaciÃ³n A MariÃ±a rexenta a Ãºnica casa de acollida para vÃ­timas de violencia de xÃ©nero con problemas de #saÃºdemental en Galicia. Por iso, o #25N tiveron motivos para marchar con paraugas morados, porque ""a sociedade non pode mirar cara outro lado"" https://t.co/iZN4HsfAiS"
1465605222080917505,Tue Nov 30 08:54:49 +0000 2021,"O #25N tamÃ©n acompaÃ±amos ao @concellodelugo no seu acto contra a violencia de xÃ©nero, onde escoitamos as reivindicaciÃ³ns das entidades sociais da #RedeTIL a travÃ©s dun vÃ­deo que explica como afecta a violencia de xÃ©nero aos nosos colectivos ğŸ¬ğŸ’œ #RedeTilContraAsViolencias https://t.co/FpQymqldDr"
1465602018941280261,Tue Nov 30 08:42:05 +0000 2021,"En #Vigo, o pasado #25N denunciamos as violencias machistas percorrendo o #CamiÃ±oAoRespecto con @igualdadenarede e tinguindo as nosas oficinas de morado para denunciar todo tipo de discriminaciÃ³n e maltrato cara as mulleres âœŠğŸ½ğŸŸ£ #NosotrasSÃ­Contamos https://t.co/c30TSLQsbY"
1465509721578696707,Tue Nov 30 02:35:20 +0000 2021,"En la tarde de hoy 29 de Noviembre realizamos la Marcha hacÃ­a el poder judicial que quedÃ³ postergada del #25N DÃ­a Internacional de Lucha por la EliminaciÃ³n de la Violencia de GÃ©nero, la actividad de hoy eorganizaciones las cuales conforman el Colectivo de mujeres de la Provincia. https://t.co/SWbcDwHfW4"
1465503063213592585,Tue Nov 30 02:08:52 +0000 2021,El 25 de noviembre fue el DÃ­a de la #NoViolenciaContraLaMujer y diferentes instituciones #jesuitas del PerÃº conmemoraron la fecha con actividades y materiales de reflexiÃ³n y sensibilizaciÃ³n. #MujeresLibresDeViolencia #FeQueTransforma #JesuitasPeru #25N https://t.co/aGKhC0Df5r
1465500832737021955,Tue Nov 30 02:00:00 +0000 2021,"#25N | Una experta en el trabajo con mujeres y niÃ±ez vÃ­ctima de violencia expone en la @lalupa_ni que las mujeres no estÃ¡n denunciando porque la PolicÃ­a orteguista las orienta a ""resolverlo"" con los CPC de cada barrio.https://t.co/dmNbxkWp07"
1465499366106574854,Tue Nov 30 01:54:11 +0000 2021,#25N | Â¿SabÃ­as que la violencia contra las mujeres no es un asunto privado? Es un delito y un serio problema de salud pÃºblica. Radio La Calle se une a la campaÃ±a para promover la concientizaciÃ³n de esta problemÃ¡tica en Ecuador.VÃ­a: @MujeressinV / #PreViMujer https://t.co/axxy65wl0x
1465486060104953857,Tue Nov 30 01:01:18 +0000 2021,ğŸ’œ#LiderazgosQueTransforman  #25N | Grupo Parlamentario por los Derechos de las Mujeres y organizaciones sociales se suman al llamado para poner fin a las diferentes formas de violencia contra la mujer.ğŸ“° Lee noticia completa aquÃ­ ğŸ‘‰ https://t.co/RuXCEmQ4kt https://t.co/gA4lJdTAZn
1465482157342797831,Tue Nov 30 00:45:48 +0000 2021,âŒ 230 femicidios en lo que va del aÃ±o âŒğŸ¦‹25Nov: DÃ­a Internacional de lucha contra la violencia hacia las mujeres#25N#Paremoslaviolenciamachista#16DiasContraLaViolenciaDeGenero#DiaContralaViolenciadeGenero#VivasNosQueremos #NiUnaMenos https://t.co/hjAgloUocP
1465474901905756170,Tue Nov 30 00:16:58 +0000 2021,"Flor de la V: ""Â¡BASTA DE ESA JUSTICIA IGUAL DE VIOLENTA QUE LOS FEMICIDAS!"" #25N #AHORA https://t.co/8wS6IpCU47"
1465470638605234176,Tue Nov 30 00:00:02 +0000 2021,#PodCast #25N | En este podcast te contamos algunas formas que las mujeres han utilizado para denunciar la violencia contra sus cuerpos y sus vidas en un paÃ­s en el que el acceso a la justicia es privilegio de unos cuantos. https://t.co/9ZiN2pTeOE
1465470634234814470,Tue Nov 30 00:00:00 +0000 2021,Desde el sector Transporte nos unimos para identificar los diferentes tipos de actos que atentan contra el derecho de las mujeres a una vida libre de violencias. Este #25N nos unimos para decir: #AltoAlAcosoEnElTransporte âœ‹ https://t.co/5PASqpCizF
1465469548753264643,Mon Nov 29 23:55:42 +0000 2021,"En el marco del #25N y de nuestro aniversario NÂ°26 de proceso organizativo, organizamos el encuentro ""Contra las violencias hacia las mujeres indÃ­genas: protecciÃ³n del territorio ancestral y asamblea constituyente"".AquÃ­ te dejamos las frases mÃ¡s relevantes del conversatorio.ğŸ‘‡ğŸ‘‡ https://t.co/wP0by2ctu2"
1465468842906378245,Mon Nov 29 23:52:53 +0000 2021,Rechazamos estos hechos y otros en los que se han presentado violencias basadas en gÃ©nero perpetradas presuntamente por agentes del Estado en el marco de las movilizaciones.Seguimos trabajando para erradicar las violencias contra las mujeres en el espacio pÃºblico y privado. #25N
1465468838993141768,Mon Nov 29 23:52:52 +0000 2021,"Ayer mientras cerrÃ¡bamos la agenda del #25N, conmemoraciÃ³n del dÃ­a internacional por la eliminaciÃ³n de las violencias contra las mujeres, ocurrÃ­an dos casos de violencia sexual contra mujeres, en la movilizaciÃ³n que se realizaba en el marco del Paro Nacional (sigue)."
1465464902928289796,Mon Nov 29 23:37:14 +0000 2021,"Durante la marcha del #25N pasaron muchas cosas mÃ¡s, y @BluRadioCo parece que solo vio la acciÃ³n directa ğŸ™„ğŸ™„ https://t.co/IqS951idxD"
1465459306782810113,Mon Nov 29 23:15:00 +0000 2021,"#AltoAlAcosoEnElTransporte âœ‹ | El cÃ³digo de conducta de cero tolerancias contra la explotaciÃ³n sexual de mujeres, niÃ±as y adolescentes en todas las obras y contratos de transporte masivo que se ejecutan en el paÃ­s, promueve una cultura de respeto a los derechos humanos. #25N https://t.co/jqhJDZzLuz"
1465456150216945665,Mon Nov 29 23:02:27 +0000 2021,"MaÃ±ana tendremos una cita con el #feminismorural nos acompaÃ±an compaÃ±eras de EspaÃ±a y Colombia @Irenirima Diputada en Asamblea de Extremadura, #MartaBlanco Alcaldesa de Alderen y #LizAya activista por el feminismo rural. @podemosexterior #25N #JuntasYVivas https://t.co/kvaqBkxqhT"
1465455328884047874,Mon Nov 29 22:59:11 +0000 2021,"ğŸ“¢#Apurimac | En el marco del #25N, este fin de semana se realizÃ³ la intervenciÃ³n artÃ­stica ""Desde nosotras, para nosotras"", acciÃ³n en la que participaron mÃ¡s de 20 mujeres en tomando las calles desde la la plaza de armas hasta la plaza Micaela Bastidas ğŸ’ªğŸ’œâ™€ï¸ https://t.co/Xhc5HvCuMB"
1465449923495792644,Mon Nov 29 22:37:43 +0000 2021,"Ayer cerramos la agenda de #25N con una jornada muy bella en Parques del RÃ­o.A travÃ©s del arte y la cultura, estuvimos conversando con mujeres, hombres, familias, niÃ±as y niÃ±os, sobre la importancia de identificar las violencias basadas en gÃ©nero para prevenirlas. (Abro hilo â¬‡ï¸) https://t.co/UlzLl8lmIU"
1465446070859800576,Mon Nov 29 22:22:24 +0000 2021,"Refuerza la perspectiva de niÃ±ez en tus acciones de conmemoraciÃ³n y concientizaciÃ³n del #25N, DÃ­a Internacional para la EliminaciÃ³n de todas las formas de violencia contra las mujeres y las niÃ±as, y en otras fechas emblemÃ¡ticas."
1465445215284580358,Mon Nov 29 22:19:00 +0000 2021,"Manifiesto del #25N - Ciudad del Este/Py. Â¡Por nuestras vidas, volvemos a tomar las calles! ğŸ’ªğŸ»ğŸ’œğŸŒ· https://t.co/GZhU7GbhXl"
1465442820454600705,Mon Nov 29 22:09:29 +0000 2021,"A pocos dÃ­as han pasado del #25N, @Evidencia_pe analiza la violencia contra las mujeres migrantes venezolanas en ğŸ‡µğŸ‡ªEntre los aÃ±os 2017 y 2020, 7 de cada 10 denuncias contra mujeres migrantes fueron realizadas por aquellas provenientes de Venezuela. https://t.co/aGwIxk8t81"
1465442443105652741,Mon Nov 29 22:07:59 +0000 2021,"Activistas de Lima, Piura e Iquitos salieron a la calle en el marco del #25N, DÃ­a Internacional de la EliminaciÃ³n de la Violencia Contra la Mujer, movilizÃ¡ndose a favor de nuestra campaÃ±a #SomosIgualesQueTu.Firma la peticiÃ³n! ğŸ‘‰https://t.co/HB3GrL9Fxh https://t.co/VBo0Me6kTJ"
1465440605086134272,Mon Nov 29 22:00:41 +0000 2021,No hay tiempo. Â¡Necesitamos ponerle fin a la violencia contra las mujeres y niÃ±as YA!#16dÃ­as #25N #YaEsYa #Ãšnete https://t.co/BiuHaruBWH
1465433752696508427,Mon Nov 29 21:33:27 +0000 2021,"Las entrevistadas manifiestan haber pasado otros episodios de violencia, desde explotaciÃ³n laboral, violencia xenÃ³fobica pasando por el hostigamiento y llegando a situaciones de tocamientos indebidos.#NiUnaMenos #25N #PolÃ­ticasPÃºblicas #NoEstÃ¡sSola #ViolenciaDeGÃ©nero"
1465432543763832834,Mon Nov 29 21:28:39 +0000 2021,#25N | DÃ­a internacional de la eliminaciÃ³n de la violencia contra las mujeresNuestra compaÃ±era Emilia Paredes de Trece Rosas Entre RÃ­os sobre nuestro posicionamiento en contra del alquiler de vientres y la ovodonaciÃ³n.Â¡EscuchÃ¡la! https://t.co/ZnlzyQ7CKi
1465430653902766092,Mon Nov 29 21:21:08 +0000 2021,"Las feministas, mujeres diversas y disidencias, que nos articulamos en  el marco del #25N nos pronunciamos firmes contra los discursos de odio, la transfobia y la exposiciÃ³n de nuestras compaÃ±eras, porque el feminismo es libertad, igualdad, sororidad y justicia social! âœŠğŸ”¥ https://t.co/FaAdVOTmwa"
1465429169282691090,Mon Nov 29 21:15:14 +0000 2021,"#DÃ­aDeLaNoViolenciaCompartimos el mensaje de nuestra Gerente General, Rosa MarÃ­a Flores- Araoz, quien reafirma el compromiso de Kallpa para unirse a la campaÃ±a de @AfinPeru en contra de la violencia contra la mujer.ğŸŸ¥#TarjetaRojaAlaViolencia #25N https://t.co/1GlaPBE1tt"
1465428633774874630,Mon Nov 29 21:13:07 +0000 2021,"Â¡Las mujeres trans son mujeres! Â¡Ellas son nuestras compaÃ±eras y hermanas! Colectivas, instituciones y activistas independientes rechazamos y condenamos todo acto transfÃ³bico.#25N #Feministassomostodas #feminismointerseccional#feminismotransinclusivo"
1465428629756784641,Mon Nov 29 21:13:06 +0000 2021,"Desde la articulaciÃ³n amplia y diversa que durante numerosas reuniones de asambleas abiertas se organizÃ³ para gestar actividades en el marco del #25N, nos pronunciamos de manera firme contra los discursos de odio, la transfobia y la exposiciÃ³n de nuestras compaÃ±eras. https://t.co/Ee5ogRmB0E"
1465428388202614794,Mon Nov 29 21:12:08 +0000 2021,"A diario, comportamientos daÃ±inos e imaginarios colectivos que han trascendido en la historia, transgreden su dignidad y Derechos Humanos. Por una vida sin discriminaciÃ³n, violencia. Por una, por todas y para todas: #25N #Mujeres #NoViolencia #25NPorTodas ğŸ’œ"
1465427364301742086,Mon Nov 29 21:08:04 +0000 2021,"La semana pasada realizamos actividades lÃºdicas de sensibilizaciÃ³n sobre el #25N en nuestros centros de INN en LogroÃ±o y Haro, la ludoteca de LogroÃ±o y ... https://t.co/k3o5217fW8"
1465426965796732928,Mon Nov 29 21:06:29 +0000 2021,"#AccionesSDH | En #Portovelo participamos en reuniÃ³n de trabajo de la Mesa Intersectorial, con la finalidad de concretar acciones urgentes para prevenir y erradicar la violencia hacia niÃ±as y mujeres en este cantÃ³n.@BernardaOM #25N https://t.co/iPTdmpd5mN"
1465425826485260288,Mon Nov 29 21:01:57 +0000 2021,"La semana pasada realizamos actividades lÃºdicas de sensibilizaciÃ³n sobre el #25N en nuestros centros de INN en LogroÃ±o y Haro, la ludoteca de LogroÃ±o y ... TambiÃ©n salimos a la calle para sensibilizar a la poblaciÃ³n sobre los tipos de violencia de gÃ©neroâ€¦ https://t.co/cKfTzQohBR https://t.co/D0WfHIpzIo"
1465425784638607362,Mon Nov 29 21:01:48 +0000 2021,"ğ™‘ğ™„ğ™ğ™„ğ˜½ğ™„ğ™‡ğ™„ğ™•ğ˜¼ğ™ ğ™‹ğ˜¼ğ™ğ˜¼ ğ™€ğ™ğ™ğ˜¼ğ˜¿ğ™„ğ˜¾ğ˜¼ğ™ ~ Del 25 de Noviembre al 16 de Diciembre ONU Mujeres nos invita a realizar #16DÃ­asDeActivimo para visibilizar y erradicar las violencias contra mujeres y niÃ±as alrededor del ğŸŒ, y vos Â¿CÃ³mo te vas a sumar?#25N https://t.co/Dngfo3QVS4"
1465425709791330307,Mon Nov 29 21:01:30 +0000 2021,"ğŸ”´ğŸ“¢En el marco de nuestra agenda #25N participaremos en el acto de clausura del Diplomado de Enfoque Diferencial de GÃ©nero y Ã‰tnico Racial, con Jackeline Cuenca, investigadora y enlace de Incidencia PolÃ­tica OEM  #16dÃ­as #Ãšnete @ONUMujeresCol https://t.co/q8Q0ChmlaR"
1465425674227752961,Mon Nov 29 21:01:21 +0000 2021,"ğ™‘ğ™„ğ™ğ™„ğ˜½ğ™„ğ™‡ğ™„ğ™•ğ˜¼ğ™ ğ™‹ğ˜¼ğ™ğ˜¼ ğ™€ğ™ğ™ğ˜¼ğ˜¿ğ™„ğ˜¾ğ˜¼ğ™ ~ Del 25 de Noviembre al 16 de Diciembre ONU Mujeres nos invita a realizar #16DÃ­asDeActivimo para visibilizar y erradicar las violencias contra mujeres y niÃ±as alrededor del ğŸŒ, y vos Â¿CÃ³mo te vas a sumar?#25N https://t.co/xLmNRlPz6U"
1465425336087293958,Mon Nov 29 21:00:01 +0000 2021,#25N | No dejes de leer nuestro especial sobre la denuncia social como herramienta ante la falta de justicia para las mujeres vÃ­ctimas de violencia machista. https://t.co/vb66ERlcd0 https://t.co/s0yfPE3vuw
1465422940195983370,Mon Nov 29 20:50:29 +0000 2021,#ManabÃ­ Seguimos en los #16diasdeactivismo #Hoy estaremos en la comunidad San JosÃ© de Picoaza a partir de las 17H00 para mediante un teatro foro fomentar comunidades libres de #ViolenciaDeGenero  Gracias al apoyo de @generalitat  #Ecosol @Maquita_Cjusto   !Contamos contigo! #25N https://t.co/mg6DRNo1gH
1465422730170441739,Mon Nov 29 20:49:39 +0000 2021,ğŸ¦‹ Dora MarÃ­a es una lÃ­der polÃ­tica con trayectoria en la lucha por las libertades; crÃ­tica de las arbitrariedades y abusos de la dictadura. Fue detenida el 13 de junio  luego que las fuerzas policiales allanaron su casa. Â¡Exigimos libertad para las presas polÃ­ticas! #16dÃ­as #25N https://t.co/TfYjr5t9Zo
1465417766811230211,Mon Nov 29 20:29:56 +0000 2021,"Desde la articulaciÃ³n amplia y diversa para gestar actividades del #25N. Decimos fuerte y claro,Â¡Las mujeres trans son mujeres! Â¡Ellas son nuestras compaÃ±eras y hermanas! Colectivas, instituciones y activistas independientes rechazamos y condenamos todo acto transfÃ³bico. https://t.co/m3UPkEHpPO"
1465413628853686293,Mon Nov 29 20:13:29 +0000 2021,"#AccionesSDH | En #Portoviejo participamos en la socializaciÃ³n del â€œModelo de GestiÃ³n para la RestituciÃ³n de Derechos de Mujeres VÃ­ctimas de Violenciaâ€ liderada por @PrefecturManabi, en el marco de las #JornadasLibresDeViolencia.@BernardaOM#25N https://t.co/RUpXrOjcl4"
1465412878316548107,Mon Nov 29 20:10:30 +0000 2021,"#25N | La sociÃ³loga, Anny Matamoros del Centro de Estudios e InformaciÃ³n de la Mujer MultiÃ©tnica, expone la grave situaciÃ³n de violencia que viven las mujeres de la costa caribe de#Nicaragua.https://t.co/gZnKoMz6mD"
1465411187034710017,Mon Nov 29 20:03:47 +0000 2021,Â¡AsÃ­ se viviÃ³ el #25N en la UIS bajo la Ã³ptica de uno de sus estudiantes! ğŸ’œPor: Gabriel HernÃ¡ndez https://t.co/JpbPN5swTM
1465410510678069257,Mon Nov 29 20:01:06 +0000 2021,"Casi 1 de cada 3 mujeres en el mundo ha sufrido violencia, pero esta cifra serÃ­a aÃºn mayor si se incluyera todo el espectro de la violencia, como el acoso sexual, la violencia digital, las prÃ¡cticas nocivas, la explotaciÃ³n sexual, etc. #16dÃ­as #Ãšnete #25N https://t.co/fRLsl1gws9"
1465410240070008835,Mon Nov 29 20:00:01 +0000 2021,ğŸ”¶ CampaÃ±a ÃšNETE de aquÃ­ al 2030 para poner fin a la violencia contra las mujeres #16DÃ­as  #YaEsYa #25N #Unete ğŸ‘‰ Tiempo de cambio #MasculinidadPositiva https://t.co/pA9mL2VvxM
1465408585312002050,Mon Nov 29 19:53:27 +0000 2021,"Reconocer que eres vÃ­ctima de violencia es el primer paso para cortar el ciclo. Es momento de visibilizar las diferentes formas de violencia que existen. Si sufres violencia, o conoces a alguien, no calles.#NiUnaMenos #25N #BastaDeViolencia #WeSeeEqual #GenderEquality https://t.co/1MFZCdSwMh"
1465408348845748233,Mon Nov 29 19:52:30 +0000 2021,"#YoNoPermito decidas por mÃ­.En el marco del #25N nos sumamos a la lucha contra la violencia hacia la mujer, por eso queremos que nos cuentes quÃ© no permites participando con la etiqueta #YoNoPermito.@GobAntioquia https://t.co/rMAzsIpXoQ"
1465407273476448269,Mon Nov 29 19:48:14 +0000 2021,"Desarma la Violencia de GÃ©nero, #NiUnaMÃ¡s #NiUnaMenos #25N #Colombia #Antioquia #MedellÃ¬n @IANSAnetwork @Redepaz_Oficial @mesaporlavidame @MujeresAnt @natyvelos @amvallev @CaroSalda25 @valencadavid13 @apelaezbotero @AZULVIRVIESCAS https://t.co/cIEygf0diQ"
1465404873395118092,Mon Nov 29 19:38:42 +0000 2021,"UnÃ¡monos, movamos cielo y tierra, para apoyarnos y defender nuestro derecho a ser mujeres,con el significado que decidamos que esa palabra tenga.Â¡Queremos existir seguras, sin miedo en campos y en ciudades! #UNIDAS  #NingunaMujer #25N  #25Nov https://t.co/fuzGUlFbMw"
1465399653214601222,Mon Nov 29 19:17:57 +0000 2021,7ï¸âƒ£Mujeres de @Alcandelaria_ se tomaron la Plaza del barrio Egipto para conmemorar el #25N. 'Porque nos queremos vivas y seguras' reiteramos el compromiso ciudadano e institucional para promover el derecho de las mujeres a vivir una vida libre de violencias y sin miedo. https://t.co/XpXii54kXT
1465399606200705026,Mon Nov 29 19:17:46 +0000 2021,"4ï¸âƒ£Organizaciones de mujeres, @LocSanCristobal y @secredistmujer, en articulaciÃ³n con el #COLMYG, realizaron una toma cultural para resignificar el sector aledaÃ±o al Colegio Madre Elisa Roncallo, en conmemoraciÃ³n del #25N #DateCuentaEsViolencia https://t.co/O2JU6q2QSp"
1465398226916458509,Mon Nov 29 19:12:17 +0000 2021,"2ï¸âƒ£A travÃ©s del yoga, mÃºsica y clases de defensa personal, las mujeres de @AlcaldiaBunidos reflexionaron sobre la conmemoraciÃ³n #25N #DateCuentaEsViolencia, en el Parque Juan XXIII. https://t.co/oCeOgfurZD"
1465398186453999627,Mon Nov 29 19:12:08 +0000 2021,"ğŸ“#25N Seguimos conmemorando el DÃ­a Internacional de la EliminaciÃ³n de la Violencia contra las Mujeres y los 16 dÃ­as de activismo, en las localidades de BogotÃ¡ #DateCuentaEsViolencia.ğŸ§µAcÃ¡ te contamosğŸ‘‡ğŸ½"
1465391832070774807,Mon Nov 29 18:46:53 +0000 2021,"#AccionesSDH | En #Manta participamos en la ""Mesa de la PolÃ­tica Intersectorial de PrevenciÃ³n del Embarazo en NiÃ±as y Adolescentes"", con el fin de articular acciones en tres cantones de #ManabÃ­.@BernardaOM#25N https://t.co/VHdhBhOUDH"
1465389337814700035,Mon Nov 29 18:36:58 +0000 2021,"ğŸ’œEste espacio tambiÃ©n en respaldo a las Mujeres del Norte y Bajo Cauca AntioqueÃ±o, que participaban simultÃ¡neamente en la MovilizaciÃ³n Nacional #25N Caucasia-AntğŸ‰""Un Viaje de AlegrÃ­a y Fiesta por la Vida"".Con apoyo de @NLinColombia @ICCOLatam https://t.co/buiyXYiUWB"
1465389332907364355,Mon Nov 29 18:36:57 +0000 2021,"#25AÃ±osPorLaPazEste #25N las Mujeres de Pasto realizaron la actividad simbÃ³lica #RutaPacÃ­ficaTejiendoSinMiedo, donde presentaron una gran manta bordada para rechazar la violencia patriarcal. #MujeresIncidiendoPorLaPaz https://t.co/haiU6l9d4l"
1465388213225279490,Mon Nov 29 18:32:30 +0000 2021,"#AccionesSDH | En #Salitre organizamos  la ""Feria de Conicimientos"", para socializar los servicios que brindan las diferentes instituciones del Estado, en conjunto con el Consejo Cantonal de ProtecciÃ³n de Derechos por las #JornadasLibresDeViolencia. @BernardaOM#25N https://t.co/PxC9a0jdHW"
1465385102976987149,Mon Nov 29 18:20:08 +0000 2021,ğŸ“ŒÂ¿QuÃ© rol deben cumplir los medios frente a la violencia contra la mujer en los medios? #SondeoDeOpiniÃ³n2021 #25N ğŸ‘‡ğŸ‘‡ğŸ‘‡ https://t.co/MJF47xS7tQ
1465382656317829121,Mon Nov 29 18:10:25 +0000 2021,"Hoy estarÃ© en el programa #QueDeÃšltima a las 19h30 hablando sobre erradicaciÃ³n de la violencia contra la mujer, los cuerpos e identidades femeninas y feminizadas, la violencia en razÃ³n d gÃ©nero, al marco del #25NğŸ‘‡https://t.co/inPFzT6jqM#CuerposDistintosDerechosIguales https://t.co/gWEY2eAGTW"
1465380151894626306,Mon Nov 29 18:00:28 +0000 2021,Especialistas participan en diversos foros organizados por la UNAM en ocasiÃ³n del #25N DÃ­a Internacional de la EliminaciÃ³n de la Violencia contra la Mujerâ€¢ El feminicidio es la punta del iceberghttps://t.co/5jCPQzpB2N@SalaPrensaUNAM
1465380043740254209,Mon Nov 29 18:00:02 +0000 2021,"En la conmemoraciÃ³n del #25N, realizamos una galerÃ­a desde #ChÃ©verePensarEnVozAlta con algunas red flags para crear conciencia sobre los tipos de violencia que existen ğŸš©ğŸš©ğŸš©https://t.co/AIvTLKtSgV"
1465380039294271490,Mon Nov 29 18:00:01 +0000 2021,En el marco del #25N y los 16 dÃ­as de activismo compartimos una infografÃ­a sobre la Violencia contra las mujeres. DescÃ¡rgala en https://t.co/A5PiaOfSDk#UNAMLibreDeViolencia @IgualdadUnam https://t.co/KoXVshLYvq
1465378282677968897,Mon Nov 29 17:53:02 +0000 2021,#25N dÃ­a internacional de eliminaciÃ³n de la violencia contra la mujer.#fuifamosa https://t.co/uF5LRkbesg
1465377805693329419,Mon Nov 29 17:51:08 +0000 2021,"Por el #25N marchamos en Ciudad del Este, juntas y organizadas, por el fin de todas las formas de violencia hacia las mujeres y reiteramos nuestro pedido #AltoParanÃ¡AlbergueYa con una intervenciÃ³n teatral frente a la GobernaciÃ³n. #NiUnaMenos#25NPy#VivasNosQueremos https://t.co/eRMjh3gixT"
1465377093613756416,Mon Nov 29 17:48:19 +0000 2021,"â€œAl hijo de puta que me drogÃ³ y violÃ³ junto a sus amigos, le tengo una noticia: sigo viva y luchandoâ€. #25N MedellÃ­n. https://t.co/yffiGL5SjY"
1465372785354543104,Mon Nov 29 17:31:11 +0000 2021,"ğŸ“¢En el #25N anunciamos una gran noticia: Â¡el lanzamiento de una nueva publicaciÃ³n con #SelloCdR, 'GuÃ­a breve para mujeres periodistas'! @MatildeyMilagro, @Florencemujer1 y @eme_pe comparten fragmentos del libro con pautas para hacer periodismo sensible al gÃ©nero y al conflictoğŸ‘‡ https://t.co/K6PwNIHhBI"
1465364008555450369,Mon Nov 29 16:56:19 +0000 2021,En  el marco de las #JornadasLibresDeViolencia por el #25N participamos de la socializaciÃ³n del Modelo de GestiÃ³n para la RestituciÃ³n de Derechos de Mujeres VÃ­ctimas de Violencia de la  @PrefecturManabi@BernardaOM nuestra mÃ¡s alta prioridad como gobierno son las niÃ±as y mujeres https://t.co/ntzJ2hmFDB
1465362705511026692,Mon Nov 29 16:51:08 +0000 2021,Debemos seguir fomentando el deporte femenino y empoderando a nuestras deportistas. Los sueÃ±os estÃ¡n para cumplirse. #25N#DeLaIndignaciÃ³nAlaAcciÃ³n https://t.co/96ikCB8ARM
1465362070178779137,Mon Nov 29 16:48:37 +0000 2021,#NosEstanRobandoElAgua #25N Duque quiere privatizar lo pÃºblico y se vale de artimaÃ±as sumado a los Politiqueros regionales y locales https://t.co/WUIV74kFj1
1465359803383955458,Mon Nov 29 16:39:36 +0000 2021,"Â¿Y tÃº cÃ³mo te sientes y quÃ© sabes respecto a la violencia de gÃ©nero? En el @iquimicaunam queremos escucharte, participa en la encuesta...#25N @IgualdadUnam Encuesta abierta: https://t.co/HVJ3rsB3dE https://t.co/GGJuyV1syF"
1465359454824714247,Mon Nov 29 16:38:13 +0000 2021,"#25N | DÃA INTERNACIONAL DE LA ELIMINACIÃ“N DE LA VIOLENCIA CONTRA LA MUJER.Rechazamos cualquier forma de violencia. Por esto, hoy nos unimos para crear conciencia y sensibilizar a toda la poblaciÃ³n acerca de la violencia contra las mujeres. https://t.co/I0NLsp8A0b"
1465357317570891782,Mon Nov 29 16:29:44 +0000 2021,"#WebinarGratuito | En el marco del DÃ­a Internacional de la eliminaciÃ³n de la violencia contra la mujer, extendemos la invitaciÃ³n al webinar  â€œMujeres, migraciÃ³n y violenciaâ€.ğŸ—“29 de Noviembre âœ…InscribÃ­ aquÃ­: https://t.co/UZXErkCaBJğŸ’œEnlace Zoom: https://t.co/tR40MX4x3F#25N https://t.co/rg8ctoD2qo"
1465355207341133827,Mon Nov 29 16:21:21 +0000 2021,"Realizamos una charla en conmemoraciÃ³n por el #25N y la igualdad de gÃ©nero, junto a @plan_ecuador y nuestras mentoras de #MentoringDifare. Â¡Seguimos sumando iniciativas a favor de los 16 dÃ­as contra la violencia de gÃ©nero!ğŸ§¡ #GrupoDifare #Igualdad #ÃšNETE #16DÃ­as #GenderEquality https://t.co/EXgWOFbfTI"
1465349421521117185,Mon Nov 29 15:58:21 +0000 2021,En el marco de los 16 dÃ­as de activismo propuesto por ONU Mujeres ponemos disposiciÃ³n de toda la comunidad diferentes materiales y recursos comprendidos en la campaÃ±a de sensibilizaciÃ³n por el #25N ğŸ‘‰ğŸ¼ PodÃ©s verlo en https://t.co/On1wtkByUT #ViolenciaDeGenero https://t.co/0Oa3DjP4i0
1465346818053656587,Mon Nov 29 15:48:00 +0000 2021,"Establecer un modelo de belleza con determinado cuerpo, rostro y comportamiento.Restringir la libre elecciÃ³n de la mujer.ProducciÃ³n y reproducciÃ³n de comentarios, â€œchistesâ€ y mensajes machistas o discriminatorios.Esto es violencia simbÃ³licağŸ’œâœŠğŸ¼ #NiUnaMenos #25N #BastaYa https://t.co/ZbBAbyjLwA"
1465344773355720707,Mon Nov 29 15:39:53 +0000 2021,"#NoticiaRecomendada ""Si me matan, sacarÃ© los brazos de la tumba y serÃ© mÃ¡s fuerte""- Minerva MirabalEl #25N se celebrÃ³ el DÃ­a Internacional de la No Violencia contra la Mujer, pero Â¿sabes quÃ© hay detrÃ¡s de este dÃ­a?Lee aquÃ­ ğŸ‘‰ https://t.co/IrYzD52nAh https://t.co/oLUzkQ9YHe"
1465342355272314882,Mon Nov 29 15:30:16 +0000 2021,Es hora de abrir los ojos. Queremos una vida de derechos para todas las mujeres y niÃ±as. #16dÃ­as #25N #YaEsYa https://t.co/7MXiMiPGcu
1465341399956701193,Mon Nov 29 15:26:29 +0000 2021,ğŸ“…25 de Noviembre: âœŠDÃ­a Internacional de lucha contra la violencia hacia las mujeresğŸš«Apoyamos el activismo: 16 dÃ­as sin violencia de gÃ©nero!#25N #16DiasContraLaViolenciaDeGenero#DiaContralaViolenciadeGenero#VivasNosQueremos #NiUnaMenos https://t.co/TUx0gXndYO https://t.co/ts7Jjts5CK
1465340493232054273,Mon Nov 29 15:22:52 +0000 2021,Postales #25N en MedellÃ­n.#NiUnaMenos https://t.co/9uLJaOpAQo
1465340467713822723,Mon Nov 29 15:22:46 +0000 2021,#25N Â¿Por quÃ© vivimos violencia para parir actualmente?ğŸ§ Escucha este podcats.ğŸ‘‡ğŸ½ Sigue el hilo de esta publicaciÃ³n. https://t.co/mcVWjxqXfi
1465335498117984265,Mon Nov 29 15:03:02 +0000 2021,ğŸ‘‰ğŸ» En el marco del #25N te invitamos a participar de la actividad que se llevarÃ¡ a cabo en la localidad de Juan JosÃ© Castelli organizada por la Subsecretaria de igualdad y gÃ©nero de esta localidad. https://t.co/S1nvE1ck0V
1465335426974203913,Mon Nov 29 15:02:45 +0000 2021,"â¡ï¸La condecoraciÃ³n fue entregada por Ministerio de Relaciones Exteriores el #25N, DÃ­a Internacional de la EliminaciÃ³n de la Violencia contra la Mujer.#DDHH #Mujer https://t.co/d51LwFhc96"
1465335029626777613,Mon Nov 29 15:01:10 +0000 2021,No permitas mÃ¡s violencia contra las mujeres y niÃ±as. Â¡Debemos parar con la violencia YA! #16dÃ­as #25N #Ãšnete #YaEsYa https://t.co/ONNAxQgdC7
1465334893739663370,Mon Nov 29 15:00:37 +0000 2021,"#ConLupa #25N@LaColaDeRata conociÃ³ 3 casos de presunto feminicidio en la ciudad, cuyas investigaciones no avanzan en la FiscalÃ­a. Ante la dilaciÃ³n en los procesos, familiares de Paula, Samara y Leidy piden justicia y exigen celeridad.Apoya @cuestion_p ğŸ‘‡https://t.co/EOFiESm2nf https://t.co/1Myw91jOtr"
1465334742203518978,Mon Nov 29 15:00:01 +0000 2021,#LuchaContraLasViolencias Como #mujeresindÃ­genas pedimos a los Estados recoger y analizar informaciÃ³n cualitativa y cuantitativa desagregada sobre la situaciÃ³n y las violencias que nos afectan.ğŸ“–Mira nuestras recomendacionesğŸ‘‰https://t.co/o2KJwPR4Ef #SomosIndÃ­genas #25N https://t.co/phffRTcPel
1465334741251465223,Mon Nov 29 15:00:01 +0000 2021,"Seguimos exigiendo en toda NuestramÃ©rica el derecho a decidir sobre nuestras vidas, nuestros cuerpos, nuestros sueÃ±os y proyectos.#25N #violencia #mujeres #tehuel #todxs https://t.co/0xSRcWpW95"
1465334736520417286,Mon Nov 29 15:00:00 +0000 2021,"Cada dÃ­a, 137 mujeres son asesinadas por miembros de su propia familia o parejas Ã­ntimas Fuente: Datos recopilados @ONUMujeres#25N #YaEsYa #Ãšnete #16DÃ­as@MinGenerosAR @ONUMujeresArg  @CancilleriaARG https://t.co/PMRm6hjITD"
1465331267038326786,Mon Nov 29 14:46:13 +0000 2021,"La situaciÃ³n en que las mujeres y niÃ±as cruzan la frontera, se ha vuelto mucho mÃ¡s riesgosa con el prolongado cierre de fronteras debido a la pandemia, que ha causado la activaciÃ³n de pasos irregulares, #unidascontralatratadepersonas #16dias #25N #COVID19 https://t.co/PTymH92UDh"
1465328708156329992,Mon Nov 29 14:36:03 +0000 2021,"ğŸ”º#25n para el DÃ­a internacional de la EliminaciÃ³n de la Violencia hacia la mujer, junto a @jr_cba y @jrcbacapital leÃ­mos un documento en nuestro comitÃ© acompaÃ±ado de una intervenciÃ³n antes de la Marcha"
1465327470522122257,Mon Nov 29 14:31:08 +0000 2021,"O #25N, a #RedeTIL integrada por orientadores/as laborais de #Lugo, alzou a sÃºa voz para amosar como afecta a violencia de xÃ©nero Ã¡s mulleres que atendemos nas nosas entidades; velaquÃ­ tes o seu vÃ­deo! â–¶ https://t.co/4mjHg9kQwU"
1465326179465023495,Mon Nov 29 14:26:00 +0000 2021,"Â¡UnÃ¡monos a la lucha contra la violencia a la mujer!. Lleva prendas y accesorios de color naranja, Ilumina edificios y monumentos como manifestaciÃ³n. Â¡Que nuestra voz se escuche!â€‹#OnuMujeres #OnuMujeresEcuador, #PactoGlobalEcuador  #16DÃ­as, #25N #Coop23deJulio https://t.co/Q8WeuyJsBx"
1465325614689259531,Mon Nov 29 14:23:45 +0000 2021,ğŸ‘‰ğŸ» En el marco del #25N te invitamos a participar de la actividad que se llevarÃ¡ a cabo en la localidad de Juan JosÃ© Castelli organizada por la Subsecretaria de igualdad y gÃ©nero de esta localidad. https://t.co/pYiiYQmh4k
1465323738262654986,Mon Nov 29 14:16:18 +0000 2021,ğŸŸ  Los gobiernos deben poner fin a la impunidad de los autores de la violencia sexual y de gÃ©nero. #16diasdeactivismo #25N #16dias https://t.co/yY2dQghniO
1465322002219257858,Mon Nov 29 14:09:24 +0000 2021,"#25N | Las mujeres comunistas se hicieron presentes en la marcha 'Nuestras voces contra el machismo y el fascismo', realizada el sÃ¡bado 27 de noviembre. https://t.co/7aEqNq1Qxc"
1465320589602824245,Mon Nov 29 14:03:47 +0000 2021,"Ayer, en el contexto del #25N DÃ­a Internacional de la EliminaciÃ³n contra la Violencia hacia la Mujer, estuvimos realizando el festival informativo-cultural #SomosIgualesQueTÃºğŸ‘‰ Ãšnete, porque la violencia de gÃ©nero no distingue nacionalidad: https://t.co/HB3GrL9Fxh https://t.co/K2CULZXaNQ"
1465319639806881800,Mon Nov 29 14:00:01 +0000 2021,Jornada conmemorativa - #25N EliminaciÃ³n de la Violencia contra la Mujer. ğŸ“† 1 de diciembre - 18 hs - Modalidad virtual.ğŸ“‘ InscripciÃ³n: https://t.co/4pMY1Z0uV6 #UFLOUniversidad #ImpactoPositivo #Pintaelmundodenaranja https://t.co/tCY79u8Kzc
1465313211608088578,Mon Nov 29 13:34:28 +0000 2021,La mujer tiene derechos inherentes y en ello se debe construir una sociedad y la familia para que desde el hogar propiciemos una vida libre de violencias en igualdad de gÃ©nero.#MujeresVisiblesMujeresInvencibles#ErradiquemosElFeminicidio#YaBasta#16dÃ­as#YaEsYa#25N https://t.co/TILkK6x3tL
1465306322040201222,Mon Nov 29 13:07:05 +0000 2021,"[GÃ‰NEROS Y DIVERSIDAD]#25N â€“ DÃ­a Internacional de la EliminaciÃ³n de la Violencia contra la Mujer MACHO SE HACE, NO SE NACE - https://t.co/lio24jnRyNPor Beatriz Chisleanschi(@BeatrizChisle)Â¡SaltÃ¡ el cerco!Â¡DifundÃ­!#ViolenciaDeGenero https://t.co/bvZKDwKDS9"
1465304558658277385,Mon Nov 29 13:00:05 +0000 2021,"O pasado #25N, dende @FEAFESGalicia tamÃ©n percorrimos o #CamiÃ±oAoRespecto con @igualdadenarede, porque condenamos firmemente calquera tipo de violencia cara a muller, e queremos unha sociedade respectuosa, libre e igualitaria âœŠğŸ’œğŸš¶ https://t.co/8uwIB9y2LB"
1465300403726303236,Mon Nov 29 12:43:34 +0000 2021,ğŸ“¢El #DNP se une a @MinTransporte para decir #AltoAlAcosoEnElTransporte #AltoAlAcoso #MujeresLibresDeViolencias #25NTe invitamos a hacer parte del cambio y construir ciudades mÃ¡s seguras y amables para niÃ±as y mujeres. ğŸ™‹ğŸ»â€â™€â€ğŸ™‹ğŸ¼â€â™€â€ğŸ™‹ğŸ¿â€â™€â€ https://t.co/VbQQzhmsjt
1465296163037405190,Mon Nov 29 12:26:43 +0000 2021,"ğŸŸ â€œEl resto es carretaâ€.. asÃ­ lo dijo una lideresa en lo profundo de la ruralidad NariÃ±ense la semana pasada, a propÃ³sito del #25N y los innumerables â€œdiscursosâ€ sobre igualdad de gÃ©nero #ODS5@CAREGlobal Por aquÃ­ les dejo la fraseâ€¦ cuanta razÃ³n tieneâ€¦.. ğŸ’ªğŸ™Œ https://t.co/AWjtidssYf"
1465292026774265864,Mon Nov 29 12:10:17 +0000 2021,"#FOL #Rosario #25N La deuda es con nosotras, con nosotres.No con el FMI.El Estado, es responsable.https://t.co/3zQdO0e2Pg"
1465291738021609473,Mon Nov 29 12:09:08 +0000 2021,#FOL #Mendoza #VillaAtuel #25N asÃ­ fue nuestra Jornada Nacional de Lucha por una vida libre de violencia machista y patriarcalhttps://t.co/R0S3t4Pbpa
1465291530059530240,Mon Nov 29 12:08:19 +0000 2021,#FOL #Jujuy #25N Organizadas y en luchaÂ¡Por una vida libre de toda violencia machista!https://t.co/ocpydiitzX
1465291033718235142,Mon Nov 29 12:06:20 +0000 2021,"#FOL #SantiagoDelEstero #25N La deuda es con nosotras, NO CON EL #FMIBasta de violencia machista. ğŸ’œ MAYWA ğŸ’œ FOL GÃ‰NEROS ğŸ”¥ğŸ”¥ğŸ”¥https://t.co/numc9tdE8S"
1465290098409447426,Mon Nov 29 12:02:37 +0000 2021,"#FOL #Trelew#25N JORNADA NACIONAL DE LUCHAContra toda forma de violencia machista y patriarcal.No estamos solas, ESTAMOS ORGANIZADAS âœŠhttps://t.co/oik9kv37b6"
1465289859011076096,Mon Nov 29 12:01:40 +0000 2021,"#FOL #Jujuy #25N NO ESTAMOS SOLAS, ESTAMOS ORGANIZADAShttps://t.co/OjWUtx43Pr"
1465282710839205889,Mon Nov 29 11:33:16 +0000 2021,"ğŸ“ŒInstamos a las mujeres y niÃ±as, a hablar sobre lo que les pasa y a recurrir a los servicios de atenciÃ³n legal, psicolÃ³gica, gratuita e integral, que ofrece el MINNA y @minmujerpy.#HablemosaTiempo #25N #NoALaViolenciaContraLaMujer #147FonoAyuda https://t.co/w08NZuHQ5b"
1465281889669898248,Mon Nov 29 11:30:00 +0000 2021,"#25N: El DÃ­a Internacional de la EliminaciÃ³n de la Violencia contra las Mujeres busca visibilizar y concientizar la situaciÃ³n de las vÃ­ctimas de violencia de gÃ©nero.ğŸ‘‰En Argentina, el nÃºmero es escalofriante: una mujer muere cada 34 horas.MÃ¡s infoğŸ‘‰ https://t.co/5QWpRCHFbd https://t.co/NKeTAHHhVG"
1465281442104037378,Mon Nov 29 11:28:14 +0000 2021,"ğŸ—£ï¸ El pasado viernes desde el #IAFEP llevaron a cabo en el marco del #25N ""DÃ­a de la eliminaciÃ³n de la violencia por motivos de gÃ©nero"" el conversatorio sobre ""El rol de las mujeres e Identidades femenizadas en la #EconomiaPopular y el #Emprendedurismo"".âœ… https://t.co/KOVAPaNkMH"
1465242404500480002,Mon Nov 29 08:53:06 +0000 2021,#25N ğŸ’œ| Al ritmo de la mÃºsica de Las Gaiteras del Valle de AburrÃ¡ inicia movilizaciÃ³n en la ciudad de MedellÃ­n del dÃ­a conmemorativo sobre la eliminaciÃ³n de la violencia contra las mujeres. https://t.co/NTN1xyNoW0
1465238073147547653,Mon Nov 29 08:35:54 +0000 2021,"ğŸ”´ Tras el #25N, es necesario seguir fomentando medidas que faciliten la recuperaciÃ³n e independencia de las mujeres vÃ­ctimas de violencia de gÃ©nero y de sus hijos e hijas a cargo.https://t.co/l2WMJDqcd8"
1465199722809937920,Mon Nov 29 06:03:30 +0000 2021,No mÃ¡s violencia policial contra mujeres y cuerpos feminizados. Desde @nobinariecr denunciamos la violencia de gÃ©nero sufrida por compaÃ±eres en la marcha del #25N y nos unimos a las denuncia de compaÃ±eras ante agresiones misÃ³ginas y racistas. Â¡No mÃ¡s violencia! https://t.co/L3SbJsWaxM
1465147711594930176,Mon Nov 29 02:36:50 +0000 2021,#25N Dia a lo no violencia contra las mujeres ğŸ’šğŸ’œ https://t.co/dYVZoNKUWp
1465127632547287052,Mon Nov 29 01:17:03 +0000 2021,Ellos nos enseÃ±an cÃ³mo juntos podemos construir un territorio libre de violencia contra las mujeres ğŸ¦‹ğŸ§¡.#25N #PichinchaEsMujer #PichinchaSinMachismo
1465124453055139848,Mon Nov 29 01:04:24 +0000 2021,"TambiÃ©n hicimos un reconocimiento a mujeres directoras por su contribuciÃ³n al patrimonio audiovisual antioqueÃ±o.Hacer visible el trabajo de las mujeres en el quehacer cinematogrÃ¡fico, ayuda a eliminar las violencias que tambiÃ©n sufren ellas en el sector artÃ­stico y cultural #25N https://t.co/lirSzt6tZ9"
1465123594732662789,Mon Nov 29 01:01:00 +0000 2021,"En este DÃ­a Internacional de la EliminaciÃ³n de las Violencias Patriarcales, alzamos nuestros grito preguntando Â¿DÃ³nde estÃ¡ Tehuel? Â¿DÃ³nde estÃ¡n las pibas que nos hacen falta? #25N #violencia #mujeres #tehuel #todxs https://t.co/0xSRcWpW95"
1465118620355379207,Mon Nov 29 00:41:14 +0000 2021,"En #Ecuador se produce un feminicidio cada 44 horas, es una cifra alarmante y resulta contradictorio que sean otras mujeres las que dirigen instituciones ineficientes como Diana Salazar al frente de la fiscalÃ­a, Guadalupe Llori en la asamblea #25N https://t.co/dQ37KlqgBe"
1465115037232775174,Mon Nov 29 00:27:00 +0000 2021,"El pasado #25Nov #25N #25Noviembre con ocasiÃ³n del #DiaContralaViolenciadeGenero cientos de personas salieron a las calles a la convocatoria realizada por @LunaRojaMujer, para denunciar la violencia estructural de este  sistema capitalista, imperialista y patriarcal. https://t.co/ui8TsnAr7D"
1465100804944285698,Sun Nov 28 23:30:26 +0000 2021,âš ï¸ Â¿SabÃ­as que 1 de cada 3 mujeres en el mundo ha sufrido violencia fÃ­sica o sexual a lo largo de su vida?Comparte este post y #Ãšnete a los #16DÃ­as de activismo para acabar con la violencia contra las mujeres y niÃ±as. ğŸšº â€‹#25N #GenderEquality https://t.co/ABRzGU70Cf
1465078535496757248,Sun Nov 28 22:01:57 +0000 2021,ğŸ¤š Paremos la violencia machista âœŠğŸ¾ğŸ¦‹25Nov: DÃ­a Internacional de lucha contra la violencia hacia las mujeres#25N #Paremoslaviolenciamachista#16DiasContraLaViolenciaDeGenero#DiaContralaViolenciadeGenero#VivasNosQueremos #NiUnaMenos https://t.co/JnBuHMXP2d
1465076802779557890,Sun Nov 28 21:55:04 +0000 2021,"Gracias a la SecretarÃ­a de Cultura Ciudadana por el trabajo articulado para sensibilizar a la ciudadanÃ­a en el espacio pÃºblico, sobre la eliminaciÃ³n de las violencias contra las mujeres en sus diversidades ğŸ’™#25N #CulturaParque https://t.co/6PdgEKFpzL"
1465075814060408844,Sun Nov 28 21:51:08 +0000 2021,"Por otro lado, no hay nada de info de la otra marcha del Centro, tampoco sobre el #25N, absolutamente nada sobre la gente de La Resistencia cerca a Palacio ni de los enfrentamientos con la PolicÃ­a."
1465063219408650243,Sun Nov 28 21:01:05 +0000 2021,"Hoy domingo, en el contexto de nuestras actividades por el #25N DÃ­a Internacional de la EliminaciÃ³n contra la Violencia hacia la Mujer, estamos realizando un festival informativo-cultural en la explanada de la Municipalidad de Los Olivos desde las 3pm. https://t.co/E5YiJcDmht"
1465063084289101833,Sun Nov 28 21:00:33 +0000 2021,"âš ï¸ğŸ“± La violencia contra las mujeres y las niÃ±as es totalmente inaceptable, ya sea en la calle, en el hogar o en internet.Construyamos redes y comunidades #LibreDeViolencia.Comparte. âœ‰ï¸#ViolenciaDigital #16dÃ­as #25N https://t.co/cvRi464pKF"
1465062948045393921,Sun Nov 28 21:00:01 +0000 2021,ğŸ”ŠLas personas proveedoras de salud tambiÃ©n pueden defender la vida y la salud de las niÃ±as que han sido forzadas a ser madres. Cuidar la salud de las sobrevivientes tambiÃ©n pasa por tener la capacidad de darles un trato humano y digno. Son #NiÃ±asNoMadres. #25N @NinasNoMadresLA https://t.co/vJ5jWRUF2t
1465048012472922118,Sun Nov 28 20:00:40 +0000 2021,Quedarse en casa no es dar consentimiento. Â¡Hagamos de las familias #EspaciosSeguros! #16dÃ­as #25N https://t.co/2Q6VLQfhuH
1465044618513244162,Sun Nov 28 19:47:10 +0000 2021,"Marcha por el #25N contra el machismo, fascismo y golpistas âœŠ https://t.co/SK5TV9zAfz"
1465038461677805573,Sun Nov 28 19:22:43 +0000 2021,En prueba de sonido esta maÃ±ana! Vamos a hacer un show bien bonito y poderoso ğŸ”¥ #25N @MujeresAnt Felices de hacer parte de Mujeres al Parque @AlcaldiaMed https://t.co/e2KkISPCMP
1465037231752683520,Sun Nov 28 19:17:49 +0000 2021,"La ArquidiÃ³cesis de Santa Cruz en Bolivia expresÃ³ su condena por la violencia de las manifestantes feministas el #25N, en que incluso golpearon a una mujer afuera de la Catedral. VÃ­a @YoDash https://t.co/8AiW0WlzKg"
1465028112937332743,Sun Nov 28 18:41:35 +0000 2021,"El pasado jueves #25N en el marco del DÃ­a Mundial de la NO Violencia contra la Mujer, @ecuadordicenomas lanzÃ³ junto a @inspiramujergye la CampaÃ±a y GuÃ­a: SÃ¡cale Roja al ABUSO SEXUAL, para crear entornos libres de violencia sexual en las organizaciones deportivas. @NOMOREorg https://t.co/QGsyXadywP"
1465020822695915529,Sun Nov 28 18:12:37 +0000 2021,"En la misma semana del #25N hipercustodiado por fuerzas de seguridad. Mucho flyer, pero en los hechos... https://t.co/ckpWnZsZQv"
1465020749765353481,Sun Nov 28 18:12:20 +0000 2021,En latinoamerica el 21% de mujeres dependen econÃ³micamente de su parejaEsto aumenta el riesgo de violencia Dato de @ONUMujeres#25N#16dias https://t.co/X2X5eRyZIG
1465019523967459333,Sun Nov 28 18:07:27 +0000 2021,Â¡La causa de las mujeres es la causa de la sociedad! Seguimos trabajando en el marco de las #JornadasLibresDeViolencia ğŸ¦‹ğŸ’œ#25N https://t.co/JXpiBoVMEm
1465018923267596294,Sun Nov 28 18:05:04 +0000 2021,"7ï¸âƒ£Mujeres, niÃ±as y niÃ±os de @Alca_Martires, participaron en la jornadaâ€¯artÃ­sticaâ€¯y cultural para la promociÃ³n del derecho de las mujeres a una vida libre de violencias, en conmemoraciÃ³n del #25N #DateCuentaEsViolencia https://t.co/rOwBmp7xVc"
1465018163679088640,Sun Nov 28 18:02:03 +0000 2021,Nadie deberÃ­a elegir entre su derecho a un empleo y su dignidad o integridad. La #OITAmÃ©ricaCentral trabaja para impulsar iniciativas desde el diÃ¡logo social tripartito para ratificar el Convenio 190 #16dias #Ãšnete #25N #RatificarC190 #ratifyc190 https://t.co/P7JJjIoORS
1465017650988437505,Sun Nov 28 18:00:01 +0000 2021,"#25N / El documental ğŸ‡ªğŸ‡¸ â€˜Juntasâ€™ narra la lucha contra las violencias #machistas a travÃ©s de los testimonios de mujeres, supervivientes de #ViolenciaDeGenero, profesionales, representantes institucionales y activistas.ğŸ¥: https://t.co/xcmrgcO5Du#LibreSinViolencia #Juntas"
1465017650963263488,Sun Nov 28 18:00:01 +0000 2021,"Las violencias contra las mujeres siguen siendo una realidad diaria: una mujer asesinada cada seis dÃ­as. Este #25N, las calles de AragÃ³n volvieron a gritar alto y claro: #NosQueremosVivas. Una contundente respuesta del movimiento feministahttps://t.co/7kE8kIvxZ8"
1465011411357159443,Sun Nov 28 17:35:13 +0000 2021,Una llamada ğŸ“ puede ser la diferencia entre la vida y la muerte. ğŸ‘©ğŸ»â€ğŸ¦±ğŸ‘©ğŸ½ğŸ‘©ğŸ¼â€ğŸ¦³ğŸ‘©ğŸ¼â€ğŸ¦°ğŸ‘±ğŸ»â€â™€ï¸ğŸ‘§ğŸ»#PichinchaSinMachismo#PichinchaEsMujer#25N 2/2
1465010721981403146,Sun Nov 28 17:32:29 +0000 2021,"2ï¸âƒ£Luz MontaÃ±o del Consejo de PlaneaciÃ³n Local de @AlcaldiadeBosa, nos cuenta el sentido de la conmemoraciÃ³n #25N y como mediante actividades buscan sensibilizar e informar a la comunidad sobre las situaciones de violencia de las que son vÃ­ctimasğŸ‘‡ğŸ½ https://t.co/tx95grAdkB"
1465010641656287236,Sun Nov 28 17:32:10 +0000 2021,"""Mujer, mujer eres fuerza y resistencia porque, porque, porque tengo dignidad.No queremos mÃ¡s maltrato, tampoco la  indiferencia que no brille la impunidad que se acabe la violencia"" letra de Luisa Perea, bullerenguera de ApartadÃ³.#25AÃ±osPorLaPaz MovilizaciÃ³n Nal #25N Caucasia https://t.co/4jlZXaEzkX"
1465005594176274438,Sun Nov 28 17:12:06 +0000 2021,Para quienes criticaron el spot de la campaÃ±a gubernamental #delaindignacionalaaccion en el marco del #25n #DiaContralaViolenciadeGenero donde una madre abusa de su hija... lastimosamente la violencia a los NNA tambiÃ©n se da desde las madresğŸ‘‡ https://t.co/ZFQInZLQG2
1465002587053301772,Sun Nov 28 17:00:09 +0000 2021,"1ï¸âƒ£ MÃ¡s de 100 mujeres realizaron el bicirecorrido ""Entretejiendo vidas libres de violencia"", desde el sector Bosa La Libertad hasta el Parque Fundacional de @AlcaldiadeBosa para conmemorar el #25N #DateCuentaEsViolencia https://t.co/LNs799DgV1"
1465002528706281472,Sun Nov 28 16:59:55 +0000 2021,"ğŸ“AsÃ­ conmemora @secredistmujer el #25N DÃ­a Internacional de la EliminaciÃ³n de la Violencia contra la Mujer, en las localidades de BogotÃ¡ #DateCuentaEsViolenciağŸ§µAcÃ¡ te contamosğŸ‘‡ğŸ½"
